{"sets": [
    {
        "name": "testSet1",
        "flashcards": [
            {
                "question": "hello",
                "answer": "goodbye",
                "mastered": false
            },
            {
                "question": "good morning",
                "answer": "good night",
                "mastered": true
            }
        ]
    },
    {
        "name": "testSet2",
        "flashcards": [{
            "question": "hi",
            "answer": "bye",
            "mastered": true
        }]
    },
    {
        "name": "testSet3",
        "flashcards": []
    }
]}
